fecha,provincia,localidad,tn
2025-01-30,SANTA FE,ZENON PEREYRA,510
2025-06-24,CÓRDOBA,WENCESLAO ESCALANTE,150
2025-07-02,CÓRDOBA,VILLA DEL TOTORAL,150
2025-08-12,CHACO,PAMPA DEL INFIERNO,5
2025-08-12,SANTA FE,COLONIA CRESPO,210
2025-09-01,SANTA FE,TOSTADO,168
2025-09-09,CHACO,GENERAL PINEDO,32
2025-09-09,SANTA FE,CHAPUY,174
2025-09-10,CHACO,VILLA ANGELA,50
2025-09-10,SANTA FE,LA SARITA,6
2025-09-11,CHACO,GENERAL PINEDO,49
2025-09-18,CHACO,PAMPA DEL INFIERNO,9
2025-09-18,SANTA FE,TOSTADO,1130
2025-09-19,CHACO,QUITILIPI,7
2025-09-25,CHACO,LAS BREÑAS,14
2025-09-26,CHACO,CONCEPCION DEL BERME,10
2025-09-29,CHACO,TRES ISLETAS,19
2025-09-29,CÓRDOBA,PORTEÑA,140
2025-09-30,CHACO,GENERAL PINEDO,46
2025-10-02,BUENOS AIRES,CARABELAS,340
2025-10-02,CHACO,GENERAL PINEDO,32
2025-10-02,SANTA FE,EL TREBOL,162
2025-10-02,SANTA FE,GATO COLORADO,26
2025-10-07,SANTA FE,LA SARITA,12
2025-10-09,SANTA FE,TOSTADO,7
2025-10-16,SANTIAGO DEL ESTERO,AVERIAS,14
2025-10-17,SANTA FE,ROSARIO,4500
2025-10-21,SANTIAGO DEL ESTERO,AVERIAS,8
2025-10-23,SANTA FE,AVENA,120
2025-10-23,SANTA FE,TOSTADO,6
2025-10-24,SANTA FE,LA SARITA,7
2025-10-27,CÓRDOBA,PORTEÑA,200
2025-10-27,SANTA FE,CASILDA,200
2025-10-27,SANTA FE,CENTENO,90
2025-10-28,BUENOS AIRES,BRAGADO,30
2025-10-28,CHACO,BASAIL,51
2025-10-28,SANTA FE,TOSTADO,9
2025-10-29,CHACO,MESON DE FIERRO,10
2025-10-29,SANTA FE,GATO COLORADO,10
2025-11-03,CÓRDOBA,JESUS MARIA,12
2025-11-03,SANTA FE,PILAR,90
2025-11-03,SANTA FE,TOSTADO,49
2025-11-04,CÓRDOBA,CORONEL MOLDES,30
2025-11-10,CÓRDOBA,PORTEÑA,90
2025-11-11,SANTA FE,SANTA FE,217
2025-11-12,CÓRDOBA,CORDOBA,62
2025-11-13,SANTA FE,PAZ,210
2025-11-14,CÓRDOBA,JUSTINIANO POSSE,330
2025-11-18,CÓRDOBA,GENERAL CABRERA,30
2025-11-19,CHACO,BASAIL,47
2025-11-25,CHACO,CONCEPCION DEL BERME,3
2025-11-25,SALTA,SANTA CLARA,27
2025-11-26,CHACO,CORONEL DU GRATY,6
2025-11-28,CHACO,COLONIA AGRICOLA PAM,73
2025-11-28,SANTA FE,FORTIN OLMOS,135
2025-11-28,SANTA FE,IRIGOYEN,30
2025-11-28,SANTA FE,LA SARITA,14
2025-11-28,SANTA FE,TOSTADO,66
2025-12-01,CHACO,BASAIL,95
2025-12-01,CÓRDOBA,LEONES,60
2025-12-01,CÓRDOBA,VILLA MARIA (DPTO. G,60
2025-12-01,ENTRE RÍOS,LA PAZ,60
2025-12-01,SANTA FE,IRIGOYEN,60
2025-12-02,CÓRDOBA,ADELIA MARIA,500
2025-12-02,SANTA FE,GOBERNADOR CRESPO,300
2025-12-02,SANTA FE,MARIA SUSANA,60
2025-12-02,SANTA FE,PILAR,60
2025-12-02,SANTA FE,SANTA FE,260
2025-12-02,SANTA FE,TOSTADO,6
2025-12-03,BUENOS AIRES,ARRECIFES,30
2025-12-03,CÓRDOBA,VILLA MARIA (DPTO. G,60
2025-12-03,ENTRE RÍOS,URDINARRAIN,60
2025-12-03,SANTA FE,GESSLER,70
2025-12-03,SANTA FE,RAFAELA,60
2025-12-03,SANTA FE,ROSARIO,350
2025-12-03,SANTA FE,SAN JUSTO,570
2025-12-03,SANTA FE,SANTA FE,200
2025-12-04,BUENOS AIRES,NECOCHEA,4700
2025-12-04,SANTIAGO DEL ESTERO,AGUAS COLORADAS,200
2025-12-05,CÓRDOBA,OLIVA,90
2025-12-06,CÓRDOBA,MONTE RALO,65
2025-12-09,CHACO,COLONIA JUAN JOSE PA,63
2025-12-09,SANTA FE,BOMBAL,169
2025-12-09,SANTA FE,CHAPUY,30
2025-12-09,SANTA FE,PUJATO,400
2025-12-10,CHACO,LOS FRENTONES,8
2025-12-10,CÓRDOBA,ONCATIVO,5
2025-12-10,CÓRDOBA,TRANSITO,120
2025-12-10,CÓRDOBA,WENCESLAO ESCALANTE,200
2025-12-10,SANTA FE,POZO BORRADO,150
2025-12-11,CÓRDOBA,JESUS MARIA,630
2025-12-11,CÓRDOBA,SINSACATE,30
2025-12-11,SANTA FE,SANTA FE,270
2025-12-12,SANTA FE,PUERTO GRAL SAN MARTIN,100
2025-12-12,SANTA FE,TOSTADO,64
2025-12-15,CHACO,PRESIDENCIA ROQUE SAENZ PEÑA,15
2025-12-15,SANTA FE,CAÑADA ROSQUIN,60
2025-12-15,SANTA FE,SAN LORENZO,1000
2025-12-15,SANTA FE,SAN MARCOS DE VENADO,60
2025-12-15,SANTIAGO DEL ESTERO,LA PALOMA (EMBARCADE,240
2025-12-16,SANTA FE,SAN JUSTO,220
2025-12-17,CÓRDOBA,VICUÑA MACKENNA,36
2025-12-17,SANTA FE,RAFAELA,70
2025-12-17,SANTA FE,SANTA FE,120
2025-12-18,BUENOS AIRES,SALTO,1000
2025-12-18,CHACO,PAMPA DEL INFIERNO,500
2025-12-18,SANTA FE,SAN JUSTO,100
2025-12-18,SANTIAGO DEL ESTERO,AGUAS COLORADAS,200
2025-12-19,CÓRDOBA,NOETINGER,200
2025-12-19,SANTA FE,SAN JUSTO,300
2025-12-19,SANTA FE,SAN LORENZO,100
2025-12-22,CHACO,PAMPA DEL INFIERNO,200
2025-12-22,SANTA FE,GESSLER,60
2025-12-22,SANTA FE,RAFAELA,70
2025-12-23,CÓRDOBA,ADELIA MARIA,90
2025-12-23,CÓRDOBA,MATTALDI,180
2025-12-23,SANTA FE,IRIGOYEN,60
2025-12-23,SANTA FE,LUIS PALACIOS,500
2025-12-23,SANTA FE,PILAR,60
2025-12-23,SANTA FE,RAFAELA,500
2025-12-23,SANTA FE,SAN JUSTO,160
2025-12-23,SANTA FE,SAN LORENZO,1000
2025-12-23,SANTA FE,SANTA FE,210
2025-12-23,SANTA FE,VIDELA,600
2025-12-23,SANTA FE,VILLA CAÑAS,3000
2025-12-26,CHACO,PAMPA DEL INFIERNO,500
2025-12-26,CÓRDOBA,ABBURRA,120
2025-12-26,CÓRDOBA,HERNANDO,180
2025-12-26,CÓRDOBA,JESUS MARIA,300
2025-12-26,ENTRE RÍOS,LA PAZ,60
2025-12-26,SANTA FE,ESMERALDA,300
2025-12-26,SANTA FE,LA SARITA,4
2025-12-26,SANTA FE,MARIA SUSANA,150
2025-12-26,SANTA FE,RAFAELA,340
2025-12-26,SANTA FE,SAN JUSTO,60
2025-12-29,BUENOS AIRES,GENERAL VILLEGAS,800
2025-12-29,CHACO,LOS FRENTONES,3354
2025-12-29,CHACO,PAMPA DEL INFIERNO,400
2025-12-29,CÓRDOBA,COLONIA ARROYO DE AL,270
2025-12-29,CÓRDOBA,GENERAL LEVALLE,210
2025-12-29,SANTA FE,ANGELICA,60
2025-12-29,SANTA FE,CARLOS PELLEGRINI,200
2025-12-29,SANTA FE,SANTA MARIA,60
2025-12-29,SANTIAGO DEL ESTERO,QUIMILI,180
2025-12-30,BUENOS AIRES,CHACABUCO,300
2025-12-30,CÓRDOBA,ALMAFUERTE,100
2025-12-30,CÓRDOBA,PILAR,60
2025-12-30,ENTRE RÍOS,FEDERAL,35
2025-12-30,ENTRE RÍOS,GENERAL RAMIREZ,125
2025-12-30,LA PAMPA,CATRILO,210
2025-12-30,SANTA FE,GESSLER,60
2025-12-30,SANTA FE,PILAR,210
2025-12-30,SANTA FE,TOSTADO,112
2025-12-30,SANTA FE,ZENON PEREYRA,500
2026-01-02,BUENOS AIRES,GENERAL VILLEGAS,70
2026-01-02,CÓRDOBA,COLONIA ARROYO DE AL,490
2026-01-02,CÓRDOBA,OLIVA,5000
2026-01-02,CÓRDOBA,SINSACATE,120
2026-01-02,SANTA FE,ROSARIO,303
2026-01-05,BUENOS AIRES,PILAR,600
2026-01-05,CHACO,ITIN,100
2026-01-05,ENTRE RÍOS,CRESPO,28
2026-01-05,SANTA FE,COLONIA CLARA,60
2026-01-05,SANTA FE,SANTA FE,90
2026-01-06,CHACO,PAMPA DEL INFIERNO,1000
2026-01-06,SANTA FE,LOS QUIRQUINCHOS,30
2026-01-06,SANTA FE,TOTORAS,300
2026-01-07,BUENOS AIRES,GENERAL VILLEGAS,36
2026-01-07,CÓRDOBA,COLONIA ARROYO DE AL,60
2026-01-07,SANTA FE,RAFAELA,200
2026-01-07,SANTA FE,SANTA FE,156
2026-01-08,CHACO,GENERAL PINEDO,250
2026-01-08,CHACO,LA TIGRA,3
2026-01-08,ENTRE RÍOS,LA PAZ,30
2026-01-08,SANTA FE,LOPEZ,120
2026-01-08,SANTA FE,PILAR,90
2026-01-08,SANTIAGO DEL ESTERO,AGUAS COLORADAS,600
2026-01-09,SANTA FE,BOUQUET,240
2026-01-09,SANTA FE,LOPEZ,60
2026-01-09,SANTA FE,PILAR,60
2026-01-09,SANTIAGO DEL ESTERO,FRIAS,1000
2026-01-10,BUENOS AIRES,PILAR,120
2026-01-12,BUENOS AIRES,PILAR,21
2026-01-12,CHACO,COLONIA JUAN JOSE CA,6
2026-01-12,CHACO,PAMPA DEL INFIERNO,100
2026-01-12,CHACO,PRESIDENCIA ROQUE SAENZ PEÑA,10
2026-01-12,CÓRDOBA,WENCESLAO ESCALANTE,200
2026-01-12,ENTRE RÍOS,URDINARRAIN,60
2026-01-12,SANTA FE,RUFINO,200
2026-01-13,BUENOS AIRES,PILAR,90
2026-01-13,CÓRDOBA,COLONIA CAROYA,90
2026-01-13,CÓRDOBA,OBISPO TREJO,90
2026-01-13,SANTA FE,ROSARIO,12
2026-01-13,SANTA FE,SANTA FE,270
2026-01-13,SANTA FE,TOTORAS,141
2026-01-13,SANTA FE,VILLA MINETTI,1500
2026-01-14,CHACO,AVIA TERAI,5000
2026-01-14,CÓRDOBA,SAN SALVADOR (CHARBO,600
2026-01-14,ENTRE RÍOS,HERNANDARIAS,150
2026-01-14,ENTRE RÍOS,URDINARRAIN,300
2026-01-14,ENTRE RÍOS,VICTORIA,210
2026-01-14,LA PAMPA,CATRILO,350
2026-01-14,SALTA,LA CANDELARIA,60
2026-01-14,SALTA,ROSARIO DE LA FRONTE,180
2026-01-14,SANTA FE,RAFAELA,530
2026-01-14,SANTA FE,SAN JUSTO,30
2026-01-14,SANTA FE,SANTA FE,130
2026-01-14,TUCUMÁN,GRANEROS,100
2026-01-15,CHACO,PAMPA DEL INFIERNO,4000
2026-01-15,CÓRDOBA,CORONEL BAIGORRIA,270
2026-01-15,CÓRDOBA,HERNANDO,50
2026-01-15,CÓRDOBA,OLIVA,90
2026-01-15,ENTRE RÍOS,ALDEA MARIA LUISA,500
2026-01-15,ENTRE RÍOS,LA PAZ,90
2026-01-15,SANTA FE,CHAPUY,60
2026-01-15,SANTA FE,LUIS PALACIOS,500
2026-01-15,SANTA FE,MARIA JUANA,90
2026-01-15,SANTA FE,SANTA FE,70
2026-01-15,SANTA FE,VILLA CAÑAS,160
2026-01-15,SANTIAGO DEL ESTERO,OTUMPA,300
2026-01-16,CHACO,PAMPA DEL INFIERNO,650
2026-01-16,CÓRDOBA,MARCOS JUAREZ,60
2026-01-16,CÓRDOBA,OLIVA,210
2026-01-16,CÓRDOBA,VILLA MARIA (DPTO. G,120
2026-01-16,ENTRE RÍOS,GENERAL RAMIREZ,300
2026-01-16,ENTRE RÍOS,LUCAS GONZALEZ,75
2026-01-16,SAN LUIS,LA TOMA,90
2026-01-16,SANTA FE,CHAPUY,90
2026-01-16,SANTA FE,ESMERALDA,300
2026-01-16,SANTA FE,FIGHIERA,35
2026-01-16,SANTA FE,IRIGOYEN,30
2026-01-16,SANTA FE,LOPEZ,482
2026-01-16,SANTA FE,PILAR,60
2026-01-16,SANTA FE,RAFAELA,70
2026-01-16,SANTA FE,SAN JUSTO,1245
2026-01-19,CÓRDOBA,HERNANDO,690
2026-01-19,ENTRE RÍOS,GENERAL RAMIREZ,100
2026-01-19,SALTA,SAN JOSE DE ORQUERAS,100
2026-01-19,SANTA FE,CAÑADA DE GOMEZ,1000
2026-01-19,SANTA FE,GOBERNADOR CRESPO,150
2026-01-19,SANTIAGO DEL ESTERO,LA PALOMA (EMBARCADE,300
2026-01-20,CHACO,PAMPA DEL INFIERNO,30
2026-01-20,CÓRDOBA,CHACRAS NORTE,300
2026-01-20,CÓRDOBA,HERNANDO,30
2026-01-20,CÓRDOBA,LA PUERTA (MEDIA NAR,210
2026-01-20,ENTRE RÍOS,GENERAL RAMIREZ,200
2026-01-20,ENTRE RÍOS,HERNANDARIAS,350
2026-01-20,SANTA FE,CAÑADA DE GOMEZ,1500
2026-01-20,SANTA FE,SANTA FE,300
2026-01-21,BUENOS AIRES,LA VIOLETA,4000
2026-01-21,BUENOS AIRES,PILAR,420
2026-01-21,CATAMARCA,PUERTA GRANDE,120
2026-01-21,CHACO,TRES ISLETAS,200
2026-01-21,CÓRDOBA,JUSTINIANO POSSE,450
2026-01-21,CÓRDOBA,TRANSITO,30
2026-01-21,ENTRE RÍOS,BASAVILBASO,400
2026-01-21,ENTRE RÍOS,HERNANDARIAS,60
2026-01-21,SANTA FE,ARMSTRONG,170
2026-01-21,SANTA FE,EL TRANSITO (EMBARCA,400
2026-01-21,SANTA FE,PILAR,583
2026-01-21,SANTA FE,PUERTO GRAL SAN MARTIN,420
2026-01-21,SANTA FE,RAFAELA,90
2026-01-21,SANTA FE,SAN JUSTO,500
2026-01-21,SANTA FE,SAN LORENZO,2500
2026-01-21,SANTIAGO DEL ESTERO,OTUMPA,200
2026-01-22,BUENOS AIRES,LA VIOLETA,2000
2026-01-22,BUENOS AIRES,SALTO,300
2026-01-22,CHACO,PAMPA DEL INFIERNO,1200
2026-01-22,CÓRDOBA,CORDOBA,180
2026-01-22,CÓRDOBA,OLIVA,2500
2026-01-22,CÓRDOBA,TRANSITO,90
2026-01-22,CÓRDOBA,VILLA DEL TOTORAL,180
2026-01-22,ENTRE RÍOS,RINCON DE NOGOYA,90
2026-01-22,LA PAMPA,CATRILO,100
2026-01-22,SANTA FE,ESMERALDA,400
2026-01-22,SANTA FE,IRIGOYEN,30
2026-01-22,SANTA FE,LUIS PALACIOS,420
2026-01-22,SANTA FE,PUERTO GRAL SAN MARTIN,100
2026-01-22,SANTA FE,RAFAELA,70
2026-01-22,SANTA FE,SAN JUSTO,1600
2026-01-22,SANTA FE,SAN LORENZO,530
2026-01-22,TUCUMÁN,TACO RALO,150
2026-01-23,BUENOS AIRES,LA VIOLETA,1000
2026-01-23,CÓRDOBA,HERNANDO,30
2026-01-23,ENTRE RÍOS,VIALE,800
2026-01-23,SANTA FE,CAÑADA DE GOMEZ,30
2026-01-23,SANTA FE,CHAPUY,270
2026-01-23,SANTA FE,PILAR,30
2026-01-23,SANTA FE,RAFAELA,175
2026-01-23,SANTA FE,SAN JUSTO,150
2026-01-26,CHACO,PAMPA DEL INFIERNO,30
2026-01-26,CÓRDOBA,CRUZ ALTA,100
2026-01-26,CÓRDOBA,HERNANDO,500
2026-01-26,CÓRDOBA,PORTEÑA,200
2026-01-26,SANTA FE,SANTA FE,200
2026-01-27,SANTA FE,COLONIA CRESPO,500
2026-01-28,BUENOS AIRES,PILAR,90
2026-01-28,CÓRDOBA,COLONIA CAROYA,100
2026-01-28,ENTRE RÍOS,LA PAZ,400
2026-01-28,ENTRE RÍOS,VIALE,1200
2026-01-28,LA PAMPA,CATRILO,2100
2026-01-28,SANTA FE,LUIS PALACIOS,270
2026-01-28,SANTA FE,MARIA SUSANA,150
2026-01-28,SANTA FE,PAZ,90
2026-01-28,SANTA FE,RAFAELA,70
2026-01-28,SANTA FE,SANTA FE,30
2026-01-29,BUENOS AIRES,ARRECIFES,90
2026-01-29,BUENOS AIRES,CHACABUCO,500
2026-01-29,BUENOS AIRES,LINCOLN,1400
2026-01-29,BUENOS AIRES,PILAR,420
2026-01-29,BUENOS AIRES,SALTO,90
2026-01-29,CHACO,COLONIA ABATE,319
2026-01-29,CHACO,COLONIA ELISA,276
2026-01-29,CÓRDOBA,ADELIA MARIA,270
2026-01-29,CÓRDOBA,ALMAFUERTE,60
2026-01-29,CÓRDOBA,COLONIA CAROYA,500
2026-01-29,CÓRDOBA,GENERAL CABRERA,250
2026-01-29,CÓRDOBA,HERNANDO,200
2026-01-29,CÓRDOBA,LA PUERTA-COLON,200
2026-01-29,CÓRDOBA,OBISPO TREJO,250
2026-01-29,CÓRDOBA,OLIVA,240
2026-01-29,CÓRDOBA,TRANSITO,300
2026-01-29,CÓRDOBA,WENCESLAO ESCALANTE,300
2026-01-29,SANTA FE,BERNARDO DE IRIGOYEN,30
2026-01-29,SANTA FE,CAÑADA DE GOMEZ,3000
2026-01-29,SANTA FE,CAÑADA ROSQUIN,90
2026-01-29,SANTA FE,CHAPUY,60
2026-01-29,SANTA FE,EL TRANSITO (EMBARCA,500
2026-01-29,SANTA FE,GESSLER,60
2026-01-29,SANTA FE,IRIGOYEN,90
2026-01-29,SANTA FE,LOPEZ,30
2026-01-29,SANTA FE,LUIS PALACIOS,2000
2026-01-29,SANTA FE,MARIA JUANA,120
2026-01-29,SANTA FE,MARIA SUSANA,540
2026-01-29,SANTA FE,PAZ,60
2026-01-29,SANTA FE,PILAR,90
2026-01-29,SANTA FE,PUERTO GRAL SAN MARTIN,300
2026-01-29,SANTA FE,SAN MARCOS DE VENADO,240
2026-01-29,SANTA FE,SANCTI SPIRITU,180
2026-01-29,SANTA FE,SANTA FE,650
2026-01-29,SANTA FE,TARTAGAL,150
2026-01-29,SANTA FE,VILLA MINETTI,300
2026-01-29,SANTIAGO DEL ESTERO,AVERIAS,23
2026-01-29,SANTIAGO DEL ESTERO,LA PALOMA (EMBARCADE,240
2026-01-29,SANTIAGO DEL ESTERO,OTUMPA,200
2026-01-29,TUCUMÁN,BURRUYACU,1400
2026-01-29,TUCUMÁN,LOS PUESTOS,300
2026-01-30,BUENOS AIRES,CHIVILCOY,300
2026-01-30,BUENOS AIRES,PILAR,600
2026-01-30,CHACO,CORONEL DU GRATY,150
2026-01-30,CHACO,ITIN,35
2026-01-30,CHACO,LAS BREÑAS,4
2026-01-30,CHACO,PAMPA DEL INFIERNO,500
2026-01-30,CÓRDOBA,COLONIA ARROYO DE AL,120
2026-01-30,CÓRDOBA,NOETINGER,90
2026-01-30,SAN LUIS,VILLA MERCEDES,60
2026-01-30,SANTA FE,MARIA SUSANA,360
2026-01-30,SANTA FE,RAFAELA,400
2026-01-30,SANTA FE,SAN JUSTO,90
2026-01-30,SANTIAGO DEL ESTERO,ROVERSI,600
2026-02-02,BUENOS AIRES,PILAR,120
2026-02-02,CHACO,GENERAL PINEDO,32
2026-02-02,CHACO,ITIN,100
2026-02-02,CHACO,PAMPA DEL INFIERNO,114
2026-02-02,CHACO,SANTA SYLVINA,90
2026-02-02,CÓRDOBA,CORDOBA,120
2026-02-02,CÓRDOBA,HERNANDO,60
2026-02-02,CÓRDOBA,MARCOS JUAREZ,30
2026-02-02,CÓRDOBA,RIO TERCERO,510
2026-02-02,ENTRE RÍOS,PARANA,180
2026-02-02,ENTRE RÍOS,VILLA DEL ROSARIO,60
2026-02-02,SALTA,ANTA,1000
2026-02-02,SALTA,SAN JOSE DE ORQUERAS,100
2026-02-02,SANTA FE,CHAPUY,120
2026-02-02,SANTA FE,PUERTO GRAL SAN MARTIN,990
2026-02-02,SANTA FE,SAN JUSTO,560
2026-02-02,SANTIAGO DEL ESTERO,QUIMILI,300
2026-02-03,CHACO,COLONIA BAJO HONDO,92
2026-02-03,CÓRDOBA,JUSTINIANO POSSE,60
2026-02-03,CÓRDOBA,PILAR,100
2026-02-03,CÓRDOBA,PIQUILLIN,210
2026-02-03,CÓRDOBA,VILLA DEL TOTORAL,400
2026-02-03,ENTRE RÍOS,URDINARRAIN,950
2026-02-03,SANTA FE,ARMSTRONG,400
2026-02-03,SANTA FE,GALVEZ,30
2026-02-03,SANTA FE,LOPEZ,30
2026-02-03,SANTA FE,PUERTO GRAL SAN MARTIN,700
2026-02-03,SANTA FE,RUFINO,90
2026-02-03,SANTA FE,SAN JUSTO,180
2026-02-03,SANTA FE,SAN LORENZO,550
2026-02-04,BUENOS AIRES,BRAGADO,1000
2026-02-04,BUENOS AIRES,CHIVILCOY,320
2026-02-04,BUENOS AIRES,LA VIOLETA,2000
2026-02-04,BUENOS AIRES,LINCOLN,700
2026-02-04,CHACO,GENERAL PINEDO,142
2026-02-04,CÓRDOBA,HERNANDO,70
2026-02-04,CÓRDOBA,LA PUERTA (MEDIA NAR,90
2026-02-04,CÓRDOBA,PILAR,70
2026-02-04,CÓRDOBA,VILLA MARIA (JESUS M,100
2026-02-04,CÓRDOBA,WENCESLAO ESCALANTE,200
2026-02-04,ENTRE RÍOS,LA PAZ,250
2026-02-04,ENTRE RÍOS,VILLA DEL ROSARIO,358
2026-02-04,SANTA FE,ARMSTRONG,120
2026-02-04,SANTA FE,INGENIERO CHANOURDIE,274
2026-02-04,SANTA FE,LUIS PALACIOS,1060
2026-02-04,SANTA FE,PUERTO GRAL SAN MARTIN,150
2026-02-04,SANTA FE,ROSARIO,250
2026-02-04,SANTA FE,SAN JUSTO,180
2026-02-04,SANTA FE,SANTA FE,810
2026-02-04,TUCUMÁN,GOBERNADOR GARMENDIA,210
2026-02-05,BUENOS AIRES,CAÑADA SECA,300
2026-02-05,BUENOS AIRES,PILAR,500
2026-02-05,BUENOS AIRES,TRENQUE LAUQUEN,200
2026-02-05,CHACO,COLONIA BAJO HONDO,94
2026-02-05,CHACO,GENERAL PINEDO,200
2026-02-05,CHACO,SAN BERNARDO,63
2026-02-05,CÓRDOBA,LOS SURGENTES,300
2026-02-05,CÓRDOBA,ONCATIVO,360
2026-02-05,CÓRDOBA,VILLA MARIA (JESUS M,200
2026-02-05,CÓRDOBA,WENCESLAO ESCALANTE,200
2026-02-05,SANTA FE,CHAPUY,240
2026-02-05,SANTA FE,COLONIA CRESPO,300
2026-02-05,SANTA FE,IRIGOYEN,30
2026-02-05,SANTA FE,LA SARITA,4
2026-02-05,SANTA FE,LUIS PALACIOS,3650
2026-02-05,SANTA FE,SAN JUSTO,210
2026-02-05,SANTA FE,VENADO TUERTO,120
2026-02-05,SANTIAGO DEL ESTERO,LAVALLE (LOS TIGRES-,1000
2026-02-06,BUENOS AIRES,CHIVILCOY,120
2026-02-06,BUENOS AIRES,GENERAL VILLEGAS,300
2026-02-06,BUENOS AIRES,PILAR,100
2026-02-06,CHACO,COLONIA AGRICOLA PAM,206
2026-02-06,CHACO,COLONIA ELISA,60
2026-02-06,CHACO,CORONEL DU GRATY,68
2026-02-06,CHACO,GENERAL CAPDEVILA,120
2026-02-06,CHACO,GENERAL PINEDO,313
2026-02-06,CHACO,PAMPA DEL INFIERNO,15
2026-02-06,CHACO,VILLA ANGELA,30
2026-02-06,CÓRDOBA,CAPILLA DE SITON,60
2026-02-06,CÓRDOBA,HERNANDO,180
2026-02-06,CÓRDOBA,JUAREZ CELMAN,300
2026-02-06,ENTRE RÍOS,VILLA DEL ROSARIO,60
2026-02-06,SANTA FE,CHAPUY,170
2026-02-06,SANTA FE,GENERAL LAGOS,420
2026-02-06,SANTA FE,LUIS PALACIOS,1200
2026-02-06,SANTA FE,ROSARIO,1000
2026-02-06,SANTA FE,SAN GENARO NORTE,90
2026-02-06,SANTA FE,SAN GUILLERMO (DPTO.,200
2026-02-06,SANTA FE,SAN JUSTO,100
2026-02-09,BUENOS AIRES,CHACABUCO,300
2026-02-09,CHACO,COLONIA ELISA,165
2026-02-09,CHACO,VILLA ANGELA,30
2026-02-09,CÓRDOBA,ADELIA MARIA,200
2026-02-09,CÓRDOBA,FREYRE,150
2026-02-09,CÓRDOBA,GENERAL LEVALLE,150
2026-02-09,CÓRDOBA,JESUS MARIA,1000
2026-02-09,CÓRDOBA,LA TORDILLA NORTE,120
2026-02-09,CÓRDOBA,ONCATIVO,34
2026-02-09,ENTRE RÍOS,LA PAZ,90
2026-02-09,FORMOSA,PIRANE,211
2026-02-09,SALTA,SAN JOSE DE ORQUERAS,100
2026-02-09,SANTA FE,BARRANCAS,60
2026-02-09,SANTA FE,CARRERAS,90
2026-02-09,SANTA FE,CHAPUY,260
2026-02-09,SANTA FE,IRIGOYEN,360
2026-02-09,SANTA FE,JUNCAL,150
2026-02-09,SANTA FE,LA SARITA,15
2026-02-09,SANTA FE,PUEBLO RAMONA,300
2026-02-09,SANTIAGO DEL ESTERO,AHI VEREMOS (DPTO. P,2600
2026-02-09,SANTIAGO DEL ESTERO,NUEVA ESPERANZA-COPO,200
2026-02-10,BUENOS AIRES,PILAR,60
2026-02-10,BUENOS AIRES,RAFAEL OBLIGADO,500
2026-02-10,CHACO,VILLA ANGELA,89
2026-02-10,FORMOSA,PIRANE,30
2026-02-10,SANTA FE,CHAPUY,500
2026-02-10,SANTA FE,MARIA JUANA,120
2026-02-10,SANTA FE,SAN GENARO NORTE,30
2026-02-10,SANTIAGO DEL ESTERO,LAVALLE (LOS TIGRES-,1000
2026-02-11,BUENOS AIRES,CARLOS CASARES,400
2026-02-11,CHACO,CORONEL DU GRATY,90
2026-02-11,CHACO,GENERAL PINEDO,600
2026-02-11,CHACO,VILLA ANGELA,6
2026-02-11,CÓRDOBA,CORDOBA,300
2026-02-11,SANTA FE,CHAPUY,25
2026-02-11,SANTA FE,COLONIA LA YERBA,150
2026-02-11,SANTA FE,SUNCHALES,30
2026-02-12,CHACO,PRESIDENCIA ROQUE SAENZ PEÑA,15
2026-02-12,ENTRE RÍOS,VILLA DEL ROSARIO,90
2026-02-12,SANTA FE,CHAPUY,150
2026-02-12,SANTA FE,MAXIMO PAZ,60
2026-02-12,SANTA FE,SAN JUSTO,600
2026-02-12,SANTA FE,SANTA FE,1080
2026-02-12,SANTIAGO DEL ESTERO,OTUMPA,700
2026-02-13,BUENOS AIRES,PILAR,60
2026-02-13,CHACO,CHARATA,65
2026-02-13,CHACO,LAS BREÑAS,386
2026-02-13,CHACO,TRES ESTACAS,150
2026-02-13,CHACO,VILLA ANGELA,17
2026-02-13,CHUBUT,ESCALANTE (ESTACION,70
2026-02-13,CÓRDOBA,ALMAFUERTE,100
2026-02-13,CÓRDOBA,PORTEÑA,120
2026-02-13,ENTRE RÍOS,GENERAL RAMIREZ,60
2026-02-13,ENTRE RÍOS,LUCAS GONZALEZ,100
2026-02-13,SANTA FE,LOS QUIRQUINCHOS,200
2026-02-13,SANTA FE,PUERTO GRAL SAN MARTIN,60
2026-02-13,SANTA FE,SAN GENARO NORTE,130
2026-02-13,SANTA FE,SAN JUSTO,250
2026-02-18,BUENOS AIRES,CORONEL SEGUI,240
2026-02-18,BUENOS AIRES,PILAR,90
2026-02-18,CHACO,AVANZADA,90
2026-02-18,CHACO,CAMPO LARGO,7
2026-02-18,CHACO,COLONIA BAJO HONDO,9
2026-02-18,CHACO,ITIN,20
2026-02-18,CHACO,LA TIGRA,17
2026-02-18,CHACO,PRESIDENCIA ROQUE SAENZ PEÑA,342
2026-02-18,CHACO,VILLA ANGELA,244
2026-02-18,SANTA FE,PUERTO GRAL SAN MARTIN,400
2026-02-18,SANTA FE,ROMANG,250
2026-02-18,SANTA FE,SAN GUILLERMO (DPTO.,120
2026-02-18,SANTA FE,SANTA FE,90
2026-02-18,SANTIAGO DEL ESTERO,BANDERA,1000
2026-02-19,CHACO,CAMPO ZAPA,74
2026-02-19,CHACO,COLONIA JUAN JOSE CA,12
2026-02-19,CHACO,GENERAL PINEDO,13
2026-02-19,CHACO,VILLA ANGELA,50
2026-02-19,CÓRDOBA,CARRILOBO,90
2026-02-19,CÓRDOBA,CORONEL MOLDES,35
2026-02-19,CÓRDOBA,GUATIMOZIN,53
2026-02-19,CÓRDOBA,MONTE CRISTO,240
2026-02-19,ENTRE RÍOS,GENERAL RAMIREZ,60
2026-02-19,ENTRE RÍOS,LA PAZ,220
2026-02-19,SANTA FE,ANGELICA,200
2026-02-19,SANTA FE,CHOVET,150
2026-02-19,SANTA FE,PUERTO GRAL SAN MARTIN,60
2026-02-19,SANTA FE,SAN JUSTO,390
2026-02-19,SANTA FE,SANTA FE,600
2026-02-19,SANTIAGO DEL ESTERO,FORTIN INCA,58
2026-02-19,SANTIAGO DEL ESTERO,PAMPA DE LOS GUANACO,350
2026-02-20,BUENOS AIRES,CONESA,270
2026-02-20,BUENOS AIRES,PILAR,300
2026-02-20,CHACO,CHARATA,186
2026-02-20,CHACO,PRESIDENCIA ROQUE SAENZ PEÑA,90
2026-02-20,CÓRDOBA,COLONIA ARROYO DE AL,60
2026-02-20,CÓRDOBA,CORDOBA,220
2026-02-20,CÓRDOBA,MONTE RALO,150
2026-02-20,ENTRE RÍOS,VILLAGUAY,250
2026-02-20,SANTA FE,BOUQUET,300
2026-02-20,SANTA FE,CHAPUY,1060
2026-02-20,SANTA FE,PUERTO GRAL SAN MARTIN,150
2026-02-20,SANTA FE,ROSARIO,210
2026-02-20,SANTA FE,RUFINO,650
2026-02-20,SANTA FE,SAN GENARO NORTE,30
2026-02-23,CHACO,COLONIA JUAN JOSE CA,1000
2026-02-23,CHACO,PAMPA DEL INFIERNO,15
2026-02-23,CHACO,PRESIDENCIA ROQUE SAENZ PEÑA,240
2026-02-23,CHACO,QUITILIPI,49
2026-02-23,CHACO,SAN BERNARDO,223
2026-02-23,CHACO,TRES ISLETAS,115
2026-02-23,CHACO,VILLA ANGELA,162
2026-02-23,SALTA,CORONEL CORNEJO,270
2026-02-23,SANTA FE,CHAPUY,105
2026-02-23,SANTA FE,MOUSSY,50
2026-02-23,SANTA FE,TARTAGAL,50
2026-02-24,BUENOS AIRES,ROJAS,100
2026-02-24,CHACO,HERMOSO CAMPO,160
2026-02-24,CÓRDOBA,RIO TERCERO,300
2026-02-24,CÓRDOBA,WENCESLAO ESCALANTE,400
2026-02-24,SANTA FE,CHAPUY,300
2026-02-24,SANTA FE,COLONIA ALDAO,500
2026-02-24,SANTA FE,ESTACION CHRISTOPHER,23
2026-02-24,SANTA FE,RUFINO,30
2026-02-24,SANTA FE,TARTAGAL,50
2026-02-24,SANTA FE,VILLA CAÑAS,2000
2026-02-24,SANTIAGO DEL ESTERO,FORTIN INCA,320
2026-02-25,BUENOS AIRES,ARRECIFES,30
2026-02-25,BUENOS AIRES,CONESA,90
2026-02-25,BUENOS AIRES,MARIANO H. ALFONZO,400
2026-02-25,BUENOS AIRES,PILAR,240
2026-02-25,BUENOS AIRES,ROJAS,100
2026-02-25,CHACO,AVIA TERAI,400
2026-02-25,CHACO,CORONEL DU GRATY,159
2026-02-25,CHACO,GENERAL PINEDO,53
2026-02-25,CHACO,PAMPA DEL INFIERNO,30
2026-02-25,CHACO,VILLA ANGELA,230
2026-02-25,CÓRDOBA,OLIVA,1090
2026-02-25,ENTRE RÍOS,LA PAZ,300
2026-02-25,FORMOSA,PIRANE,94
2026-02-25,SANTA FE,BERABEVU,60
2026-02-25,SANTA FE,CARRERAS,90
2026-02-25,SANTA FE,CHAPUY,35
2026-02-25,SANTA FE,MARIA SUSANA,660
2026-02-25,SANTA FE,PILAR,1130
2026-02-25,SANTA FE,PUERTO GRAL SAN MARTIN,330
2026-02-25,SANTA FE,SARGENTO CABRAL,500
2026-02-25,SANTA FE,VIDELA,300
2026-02-25,SANTIAGO DEL ESTERO,AVERIAS,92
2026-02-25,SANTIAGO DEL ESTERO,FORTIN INCA,600
2026-02-26,BUENOS AIRES,ARRECIFES,58
2026-02-26,BUENOS AIRES,CHIVILCOY,300
2026-02-26,BUENOS AIRES,LINCOLN,120
2026-02-26,BUENOS AIRES,PILAR,330
2026-02-26,BUENOS AIRES,SANTA ELEODORA,200
2026-02-26,BUENOS AIRES,TRENQUE LAUQUEN,200
2026-02-26,CHACO,HERMOSO CAMPO,130
2026-02-26,CHACO,LOS FRENTONES,60
2026-02-26,CHACO,PRESIDENCIA ROQUE SAENZ PEÑA,17
2026-02-26,CHACO,TRES ISLETAS,7
2026-02-26,CHACO,VILLA ANGELA,137
2026-02-26,CÓRDOBA,COLONIA ARROYO DE AL,230
2026-02-26,CÓRDOBA,OLIVA,60
2026-02-26,CÓRDOBA,PILAR,100
2026-02-26,CÓRDOBA,VILLA DEL TOTORAL,30
2026-02-26,CÓRDOBA,VILLA MARIA (DPTO. G,350
2026-02-26,ENTRE RÍOS,GENERAL RAMIREZ,60
2026-02-26,ENTRE RÍOS,VILLA DEL ROSARIO,882
2026-02-26,SANTA FE,CHAPUY,180
2026-02-26,SANTA FE,LOPEZ,60
2026-02-26,SANTA FE,LUIS PALACIOS,300
2026-02-26,SANTA FE,PILAR,500
2026-02-26,SANTA FE,PUERTO GRAL SAN MARTIN,18
2026-02-26,SANTA FE,ROSARIO,120
2026-02-26,SANTA FE,SANTA FE,210
2026-02-26,SANTA FE,VILLA CAÑAS,500
2026-02-26,SANTIAGO DEL ESTERO,FORTIN INCA,23
2026-02-27,BUENOS AIRES,GENERAL PINTO,500
2026-02-27,BUENOS AIRES,GENERAL VILLEGAS,300
2026-02-27,BUENOS AIRES,LINCOLN,360
2026-02-27,BUENOS AIRES,PERGAMINO,400
2026-02-27,CHACO,AVANZADA,419
2026-02-27,CHACO,COLONIA ABATE,88
2026-02-27,CHACO,COLONIA JUAN JOSE CA,58
2026-02-27,CHACO,COLONIA JUAN JOSE PA,114
2026-02-27,CHACO,COLONIA NECOCHEA SUD,55
2026-02-27,CHACO,CORZUELA,30
2026-02-27,CHACO,GANCEDO,7
2026-02-27,CHACO,GENERAL PINEDO,607
2026-02-27,CHACO,HERMOSO CAMPO,200
2026-02-27,CHACO,LOS FRENTONES,7
2026-02-27,CHACO,PAMPA DEL INFIERNO,68
2026-02-27,CHACO,PRESIDENCIA ROQUE SAENZ PEÑA,80
2026-02-27,CHACO,TRES ISLETAS,307
2026-02-27,CHACO,VILLA ANGELA,2249
2026-02-27,CÓRDOBA,HERNANDO,300
2026-02-27,CÓRDOBA,OLIVA,720
2026-02-27,SANTA FE,CHAPUY,30
2026-02-27,SANTA FE,ELISA,60
2026-02-27,SANTA FE,GATO COLORADO,500
2026-02-27,SANTA FE,MOUSSY,35
2026-02-27,SANTA FE,PILAR,180
2026-02-27,SANTA FE,RUFINO,200
2026-02-27,SANTA FE,SANTA FE,510
2026-02-27,SANTA FE,VIDELA,120
2026-02-27,SANTIAGO DEL ESTERO,FORTIN INCA,574
2026-02-27,TUCUMÁN,TACO RALO,100
2026-02-28,BUENOS AIRES,ROJAS,200
2026-02-28,CHACO,CAMPO LARGO,800
2026-03-02,BUENOS AIRES,LINCOLN,120
2026-03-02,CATAMARCA,LOS ALTOS,1000
2026-03-02,CHACO,CAMPO LARGO,300
2026-03-02,CHACO,LOS FRENTONES,256
2026-03-02,CHACO,VILLA ANGELA,438
2026-03-02,CHACO,VILLA BERTHET,90
2026-03-02,ENTRE RÍOS,VIALE,174
2026-03-02,SANTA FE,ARTEAGA,60
2026-03-02,SANTA FE,GOBERNADOR CRESPO,164
2026-03-02,SANTA FE,POZO BORRADO,96
2026-03-03,BUENOS AIRES,SALTO,350
2026-03-03,CHACO,COLONIA AGRICOLA PAM,373
2026-03-03,CHACO,COLONIA BERNARDINO R,50
2026-03-03,CHACO,COLONIA JUAN JOSE PA,63
2026-03-03,CHACO,COLONIA NECOCHEA SUD,12
2026-03-03,CHACO,GENERAL PINEDO,24
2026-03-03,CHACO,HERMOSO CAMPO,294
2026-03-03,CHACO,ITIN,21
2026-03-03,CHACO,LOS FRENTONES,43
2026-03-03,CHACO,PRESIDENCIA ROQUE SAENZ PEÑA,150
2026-03-03,CHACO,VILLA ANGELA,100
2026-03-03,CÓRDOBA,TRANSITO,300
2026-03-03,ENTRE RÍOS,ALDEA MARIA LUISA,150
2026-03-03,FORMOSA,PIRANE,247
2026-03-03,SANTA FE,CHAPUY,90
2026-03-03,SANTA FE,GOBERNADOR CRESPO,150
2026-03-03,SANTA FE,LOS LAPACHOS,73
2026-03-03,SANTA FE,SAN JUSTO,440
2026-03-03,SANTA FE,VILLA TRINIDAD,30
2026-03-04,BUENOS AIRES,GENERAL PINTO,500
2026-03-04,BUENOS AIRES,JUNIN,150
2026-03-04,BUENOS AIRES,PILAR,310
2026-03-04,BUENOS AIRES,ROJAS,4
2026-03-04,CHACO,CHARATA,33
2026-03-04,CHACO,COLONIA JUAN JOSE PA,60
2026-03-04,CHACO,GENERAL PINEDO,403
2026-03-04,CHACO,MESON DE FIERRO,20
2026-03-04,CHACO,PAMPA DEL INFIERNO,3130
2026-03-04,CHACO,PRESIDENCIA ROQUE SAENZ PEÑA,135
2026-03-04,CHACO,SAN BERNARDO,42
2026-03-04,CHACO,VILLA ANGELA,210
2026-03-04,CÓRDOBA,ADELIA MARIA,120
2026-03-04,CÓRDOBA,BARRIO FLORENTINO AM,100
2026-03-04,CÓRDOBA,COLONIA ARROYO DE AL,390
2026-03-04,CÓRDOBA,CORDOBA,260
2026-03-04,CÓRDOBA,OLIVA,60
2026-03-04,CÓRDOBA,RIO PRIMERO,1700
2026-03-04,CÓRDOBA,RIO TERCERO,300
2026-03-04,CÓRDOBA,SINSACATE,830
2026-03-04,CÓRDOBA,TOLEDO,30
2026-03-04,CÓRDOBA,TRANSITO,410
2026-03-04,CÓRDOBA,VIAMONTE,180
2026-03-04,ENTRE RÍOS,VIALE,1000
2026-03-04,ENTRE RÍOS,VICTORIA,400
2026-03-04,SALTA,JOAQUIN V. GONZALEZ,600
2026-03-04,SALTA,RIO DEL VALLE,400
2026-03-04,SANTA FE,CARLOS PELLEGRINI,600
2026-03-04,SANTA FE,CAÑADA RICA,22
2026-03-04,SANTA FE,CHAPUY,320
2026-03-04,SANTA FE,DIAZ,60
2026-03-04,SANTA FE,GOBERNADOR CRESPO,180
2026-03-04,SANTA FE,LUIS PALACIOS,2180
2026-03-04,SANTA FE,PILAR,30
2026-03-04,SANTA FE,POZO BORRADO,63
2026-03-04,SANTA FE,ROSARIO,8000
2026-03-04,SANTA FE,SAN BERNARDO,1000
2026-03-04,SANTA FE,SAN GUILLERMO (DPTO.,30
2026-03-04,SANTA FE,SAN MARCOS DE VENADO,200
2026-03-04,SANTA FE,SAN MARTIN DE LAS ES,4000
2026-03-04,SANTA FE,SANTA FE,4620
2026-03-04,SANTA FE,VENADO TUERTO,430
2026-03-04,SANTA FE,VILLA TRINIDAD,90
2026-03-04,SANTIAGO DEL ESTERO,ISCA YACU,270
2026-03-04,SANTIAGO DEL ESTERO,LAVALLE (DPTO. GUASA,750
2026-03-04,SANTIAGO DEL ESTERO,NUEVA ESPERANZA-COPO,100
2026-03-04,SANTIAGO DEL ESTERO,OTUMPA,500
2026-03-04,SANTIAGO DEL ESTERO,PAMPA DE LOS GUANACO,1700
2026-03-04,SANTIAGO DEL ESTERO,POZO HONDO,1000
2026-03-04,SANTIAGO DEL ESTERO,RAPELLI,200
2026-03-05,BUENOS AIRES,ACEVEDO,90
2026-03-05,BUENOS AIRES,GENERAL PINTO,300
2026-03-05,CHACO,GENERAL PINEDO,600
2026-03-05,CHACO,HERMOSO CAMPO,31
2026-03-05,CHACO,LAS BREÑAS,1000
2026-03-05,CHACO,LOS FRENTONES,700
2026-03-05,CHACO,PAMPA DEL INFIERNO,30
2026-03-05,CHACO,PRESIDENCIA ROQUE SAENZ PEÑA,300
2026-03-05,CÓRDOBA,ALTOS DE CHIPION,60
2026-03-05,CÓRDOBA,BARRIO FLORENTINO AM,120
2026-03-05,CÓRDOBA,EL MIRADOR,70
2026-03-05,CÓRDOBA,MONTE CRISTO,30
2026-03-05,CÓRDOBA,OLIVA,60
2026-03-05,CÓRDOBA,PIQUILLIN,30
2026-03-05,CÓRDOBA,SINSACATE,300
2026-03-05,CÓRDOBA,TOLEDO,120
2026-03-05,CÓRDOBA,VILLA MARIA (DPTO. G,500
2026-03-05,FORMOSA,PIRANE,98
2026-03-05,SALTA,ROSARIO DE LA FRONTE,220
2026-03-05,SANTA FE,AMBROSETTI,100
2026-03-05,SANTA FE,CHAPUY,180
2026-03-05,SANTA FE,GALVEZ,60
2026-03-05,SANTA FE,LA SARITA,750
2026-03-05,SANTA FE,LLAMBI CAMPBELL,120
2026-03-05,SANTA FE,RAFAELA,320
2026-03-05,SANTA FE,ROSARIO,500
2026-03-05,SANTA FE,SAN JUSTO,300
2026-03-05,SANTA FE,SARGENTO CABRAL,70
2026-03-05,SANTA FE,VILLA CAÑAS,1000
2026-03-05,SANTA FE,VILLA MUGUETA,500
2026-03-05,SANTA FE,VILLA TRINIDAD,90
2026-03-05,SANTIAGO DEL ESTERO,POZO HONDO,1000
2026-03-05,SANTIAGO DEL ESTERO,REAL SAYANA,120
2026-03-05,TUCUMÁN,GOBERNADOR GARMENDIA,600
2026-03-06,BUENOS AIRES,PILAR,570
2026-03-06,CHACO,NAPENAY,32
2026-03-06,CHACO,PAMPA DEL INFIERNO,12
2026-03-06,CHACO,PRESIDENCIA ROQUE SAENZ PEÑA,30
2026-03-06,CHACO,QUITILIPI,28
2026-03-06,CHACO,SAN BERNARDO,175
2026-03-06,CÓRDOBA,CALCHIN,210
2026-03-06,CÓRDOBA,LAS PEÑAS SUD,180
2026-03-06,CÓRDOBA,MONTE REDONDO (DPTO.,60
2026-03-06,ENTRE RÍOS,VILLA DEL ROSARIO,120
2026-03-06,LA PAMPA,CATRILO,500
2026-03-06,SANTA FE,CAÑADA ROSQUIN,60
2026-03-06,SANTA FE,CHAPUY,30
2026-03-06,SANTA FE,LLAMBI CAMPBELL,60
2026-03-06,SANTA FE,MARIA JUANA,60
2026-03-06,SANTA FE,POZO BORRADO,154
2026-03-06,SANTA FE,RAFAELA,340
2026-03-06,SANTA FE,SAN MARCOS DE VENADO,60
2026-03-06,SANTA FE,TOTORAS,60
2026-03-06,SANTA FE,VENADO TUERTO,160
2026-03-06,SANTA FE,VILLA TRINIDAD,30
2026-03-06,SANTIAGO DEL ESTERO,ISCA YACU,4000
2026-03-09,CHACO,COLONIA BAJO HONDO,8
2026-03-09,CHACO,COLONIA JUAN JOSE CA,141
2026-03-09,CHACO,COLONIA JUAN JOSE PA,103
2026-03-09,CHACO,CONCEPCION DEL BERME,90
2026-03-09,CHACO,CORZUELA,90
2026-03-09,CHACO,GENERAL PINEDO,30
2026-03-09,CHACO,HERMOSO CAMPO,15
2026-03-09,CHACO,PAMPA DEL INFIERNO,35
2026-03-09,CHACO,TRES ISLETAS,155
2026-03-09,CÓRDOBA,MATORRALES,210
2026-03-09,ENTRE RÍOS,CRESPO,600
2026-03-09,ENTRE RÍOS,LA PAZ,600
2026-03-09,ENTRE RÍOS,VICTORIA,120
2026-03-09,LA PAMPA,EDUARDO CASTEX,2300
2026-03-09,SANTA FE,GOBERNADOR CRESPO,286
2026-03-09,SANTA FE,PUERTO GRAL SAN MARTIN,230
2026-03-09,SANTIAGO DEL ESTERO,AVERIAS,300
2026-03-09,SANTIAGO DEL ESTERO,LAVALLE (DPTO. GUASA,300
2026-03-09,TUCUMÁN,TACO RALO,100
2026-03-10,CHACO,COLONIA ABATE,90
2026-03-10,CHACO,COLONIA AGRICOLA PAM,152
2026-03-10,CHACO,GANCEDO,14
2026-03-10,CÓRDOBA,RIO CUARTO,210
2026-03-10,CÓRDOBA,SAN JOSE DE LA DORMI,120
2026-03-10,SANTA FE,GATO COLORADO,302
2026-03-10,SANTA FE,POZO BORRADO,30
2026-03-10,SANTA FE,RUFINO,90
2026-03-11,SANTA FE,VILLA MINETTI,120
2026-03-12,CÓRDOBA,MONTE RALO,510
2026-03-12,SANTA FE,ARMSTRONG,70
2026-03-12,SANTA FE,DIAZ,90
2026-03-12,SANTA FE,LOS QUIRQUINCHOS,300
2026-03-12,SANTA FE,MALABRIGO,180
2026-03-12,SANTA FE,PILAR,120
2026-03-12,SANTA FE,SAN MARCOS DE VENADO,90
2026-03-12,SANTA FE,TOTORAS,30
2026-03-13,CHACO,CORZUELA,2000
2026-03-13,CHACO,PRESIDENCIA ROQUE SAENZ PEÑA,35
2026-03-13,CHACO,VILLA ANGELA,450
2026-03-13,CÓRDOBA,EL MIRADOR,100
2026-03-13,CÓRDOBA,OLIVA,5000
2026-03-13,ENTRE RÍOS,GENERAL RAMIREZ,1000
2026-03-13,LA PAMPA,CATRILO,90
2026-03-13,SANTA FE,ANGELICA,120
2026-03-13,SANTA FE,BIGAND,2000
2026-03-13,SANTA FE,CHAPUY,60
2026-03-13,SANTA FE,SAN JUSTO,43
2026-03-13,SANTA FE,SANTA FE,90
2026-03-13,SANTA FE,VIDELA,30
2026-03-14,CHACO,TRES ISLETAS,30
2026-03-16,BUENOS AIRES,ARRECIFES,30
2026-03-16,CHACO,CHARATA,30
2026-03-16,CHACO,COLONIA ABATE,95
2026-03-16,CHACO,COLONIA AGRICOLA PAM,400
2026-03-16,CHACO,GENERAL PINEDO,448
2026-03-16,CHACO,HERMOSO CAMPO,120
2026-03-16,CHACO,LOS FRENTONES,11
2026-03-16,CHACO,PAMPA DEL INFIERNO,806
2026-03-16,CHACO,TRES ISLETAS,293
2026-03-16,CHACO,VILLA ANGELA,99
2026-03-16,CÓRDOBA,NOETINGER,30
2026-03-16,CÓRDOBA,OLIVA,1000
2026-03-16,ENTRE RÍOS,SOLA,210
2026-03-16,ENTRE RÍOS,VILLAGUAY,120
2026-03-16,SALTA,SAN JOSE DE ORQUERAS,100
2026-03-16,SANTA FE,LUIS PALACIOS,235
2026-03-16,SANTA FE,PILAR,100
2026-03-16,SANTA FE,POZO BORRADO,286
2026-03-16,SANTA FE,PUERTO GRAL SAN MARTIN,300
2026-03-16,SANTA FE,ROMANG,30
2026-03-16,SANTA FE,SAN JUSTO,35
2026-03-16,SANTA FE,SANTA FE,240
2026-03-16,SANTA FE,TOSTADO,74
2026-03-16,SANTIAGO DEL ESTERO,LOS JURIES,34
2026-03-16,TUCUMÁN,TACO RALO,100
2026-03-17,BUENOS AIRES,PILAR,150
2026-03-17,CHACO,HERMOSO CAMPO,13
2026-03-17,CHACO,LOS FRENTONES,1000
2026-03-17,CHACO,PRESIDENCIA ROQUE SAENZ PEÑA,100
2026-03-17,CÓRDOBA,OLIVA,180
2026-03-17,CÓRDOBA,SINSACATE,190
2026-03-17,ENTRE RÍOS,HERNANDARIAS,90
2026-03-17,SANTA FE,ANGELICA,150
2026-03-17,SANTA FE,CHAPUY,60
2026-03-17,SANTA FE,"HUMBERTO I""",60
2026-03-17,SANTA FE,PUERTO GRAL SAN MARTIN,1590
2026-03-17,SANTA FE,SAN JUSTO,150
2026-03-17,SANTA FE,SANTA FE,150
2026-03-17,SANTIAGO DEL ESTERO,LOS JURIES,118
2026-03-18,CHACO,LOS FRENTONES,450
2026-03-18,CHACO,PRESIDENCIA ROQUE SAENZ PEÑA,319
2026-03-18,CHACO,SAN BERNARDO,621
2026-03-18,CHACO,VILLA ANGELA,50
2026-03-18,SANTA FE,ANGELICA,30
2026-03-18,SANTA FE,GATO COLORADO,88
2026-03-18,SANTA FE,GOBERNADOR CRESPO,1068
2026-03-18,SANTA FE,LOPEZ,400
2026-03-18,SANTA FE,PILAR,250
2026-03-18,SANTA FE,SANTA FE,60
2026-03-18,SANTA FE,VIDELA,600
2026-03-19,BUENOS AIRES,LOBOS,30
2026-03-19,CHACO,COLONIA JUAN JOSE CA,80
2026-03-19,CHACO,NAPENAY,22
2026-03-19,CHACO,VILLA ANGELA,137
2026-03-19,CÓRDOBA,COLONIA ARROYO DE AL,180
2026-03-19,CÓRDOBA,CORDOBA,90
2026-03-19,CÓRDOBA,MARIA,150
2026-03-19,CÓRDOBA,OLIVA,120
2026-03-19,ENTRE RÍOS,CRUCESITAS 8A. SECCI,130
2026-03-19,SANTA FE,PILAR,90
2026-03-19,SANTA FE,SAN JUSTO,60
2026-03-19,SANTA FE,SANTA FE,270
2026-03-19,SANTA FE,TOSTADO,68
2026-03-19,SANTA FE,VILLA MINETTI,218
2026-03-19,SANTIAGO DEL ESTERO,PAMPA DE LOS GUANACO,300
2026-03-20,BUENOS AIRES,LINCOLN,60
2026-03-20,BUENOS AIRES,LOBOS,17
2026-03-20,CHACO,HERMOSO CAMPO,35
2026-03-20,CHACO,PAMPA DEL INFIERNO,4
2026-03-20,CHACO,PRESIDENCIA ROQUE SAENZ PEÑA,153
2026-03-20,CHACO,TRES ISLETAS,30
2026-03-20,CÓRDOBA,PAUNERO,100
2026-03-20,SANTA FE,ARROYO SECO,180
2026-03-20,SANTA FE,FIGHIERA,1000
2026-03-20,SANTA FE,INGENIERO CHANOURDIE,151
2026-03-20,SANTA FE,PILAR,150
2026-03-20,SANTA FE,ROSARIO,120
2026-03-20,SANTA FE,SAN LORENZO,30
2026-03-20,SANTIAGO DEL ESTERO,LOS JURIES,49
2026-03-25,BUENOS AIRES,DRABBLE,30
2026-03-25,BUENOS AIRES,ROJAS,180
2026-03-25,CHACO,AVIA TERAI,350
2026-03-25,CHACO,CHARATA,4
2026-03-25,CHACO,COLONIA ABATE,20
2026-03-25,CHACO,COLONIA JUAN JOSE PA,15
2026-03-25,CHACO,ITIN,20
2026-03-25,CHACO,LOS FRENTONES,72
2026-03-25,CHACO,NAPENAY,30
2026-03-25,CHACO,TRES ISLETAS,162
2026-03-25,CHACO,VILLA ANGELA,106
2026-03-25,CÓRDOBA,CARRILOBO,480
2026-03-25,ENTRE RÍOS,SOLA,30
2026-03-25,ENTRE RÍOS,VICTORIA,500
2026-03-25,SANTA FE,AREQUITO,120
2026-03-25,SANTA FE,CHAPUY,35
2026-03-25,SANTA FE,GOBERNADOR CRESPO,52
2026-03-25,SANTA FE,LUIS PALACIOS,270
2026-03-25,SANTA FE,SAN JUSTO,30
2026-03-25,SANTA FE,SANTA FE,400
2026-03-26,BUENOS AIRES,ARRECIFES,30
2026-03-26,CHACO,CHARATA,233
2026-03-26,CHACO,COLONIA BAJO HONDO,14
2026-03-26,CHACO,GENERAL PINEDO,418
2026-03-26,CHACO,LAS BREÑAS,90
2026-03-26,CHACO,LOS FRENTONES,156
2026-03-26,CHACO,NAPENAY,6
2026-03-26,CHACO,PAMPA DEL INFIERNO,60
2026-03-26,SANTA FE,CAPILLA SAN JOSE,60
2026-03-26,SANTA FE,GENERAL GELLY,60
2026-03-26,SANTA FE,POZO BORRADO,136
2026-03-26,SANTA FE,PUERTO GRAL SAN MARTIN,1500
2026-03-26,SANTA FE,SAN JUSTO,330
2026-03-26,SANTA FE,SAN MARCOS DE VENADO,60
2026-03-26,SANTA FE,TOSTADO,30
2026-03-26,SANTA FE,VILLA CAÑAS,60
2026-03-26,SANTIAGO DEL ESTERO,ROVERSI,296
2026-03-27,BUENOS AIRES,CHIVILCOY,150
2026-03-27,CHACO,COLONIA ABATE,138
2026-03-27,CHACO,VILLA ANGELA,62
2026-03-27,CÓRDOBA,MONTE CRISTO,60
2026-03-27,CÓRDOBA,VILLA DEL TOTORAL,150
2026-03-27,LA PAMPA,CATRILO,210
2026-03-27,SAN LUIS,VILLA MERCEDES,450
2026-03-27,SANTA FE,CHAPUY,120
2026-03-27,SANTA FE,COLONIA CRESPO,380
2026-03-27,SANTA FE,GOBERNADOR CRESPO,180
2026-03-27,SANTA FE,LA PELADA,2000
2026-03-27,SANTA FE,MOUSSY,10
2026-03-27,SANTA FE,POZO BORRADO,30
2026-03-27,SANTA FE,ROSARIO,90
2026-03-27,SANTA FE,RUFINO,60
2026-03-27,SANTA FE,SAN JUSTO,60
2026-03-27,SANTA FE,TOSTADO,102
2026-03-27,SANTIAGO DEL ESTERO,LOS JURIES,70
2026-03-27,SANTIAGO DEL ESTERO,QUIMILI,13
2026-03-27,SANTIAGO DEL ESTERO,ROVERSI,25
2026-03-30,CHACO,CHARATA,120
2026-03-30,CHACO,COLONIA ABATE,15
2026-03-30,CHACO,COLONIA BAJO HONDO,11
2026-03-30,CHACO,COLONIA JUAN JOSE CA,26
2026-03-30,CHACO,GANCEDO,11
2026-03-30,CHACO,GENERAL PINEDO,76
2026-03-30,CHACO,HERMOSO CAMPO,61
2026-03-30,CHACO,LA MATANZA,95
2026-03-30,CHACO,NAPENAY,3
2026-03-30,CHACO,RIO MUERTO,8
2026-03-30,CHACO,VILLA ANGELA,20
2026-03-30,CÓRDOBA,COLONIA ARROYO DE AL,60
2026-03-30,CÓRDOBA,RIO SEGUNDO,60
2026-03-30,CÓRDOBA,TRANSITO,120
2026-03-30,ENTRE RÍOS,VICTORIA,60
2026-03-30,SANTA FE,CERES,622
2026-03-30,SANTA FE,CHAPUY,66
2026-03-30,SANTA FE,LUIS PALACIOS,480
2026-03-30,SANTA FE,MOUSSY,6
2026-03-30,SANTA FE,POZO BORRADO,12
2026-03-30,SANTA FE,PUERTO GRAL SAN MARTIN,40
2026-03-30,SANTA FE,RAFAELA,60
2026-03-30,SANTA FE,ROSARIO,90
2026-03-30,SANTA FE,SANTA FE,180
2026-03-30,SANTA FE,TOSTADO,31
2026-03-30,SANTA FE,VILLA TRINIDAD,690
2026-03-30,SANTIAGO DEL ESTERO,AVERIAS,28
2026-03-30,TUCUMÁN,GOBERNADOR GARMENDIA,227
2026-03-30,TUCUMÁN,LA RAMADA,150
2026-03-31,BUENOS AIRES,ARRECIFES,88
2026-03-31,CHACO,CHARATA,140
2026-03-31,CHACO,COLONIA ELISA,112
2026-03-31,CHACO,CORZUELA,309
2026-03-31,CHACO,GENERAL PINEDO,31
2026-03-31,CHACO,LOS FRENTONES,5
2026-03-31,CHACO,PRESIDENCIA ROQUE SAENZ PEÑA,113
2026-03-31,CHACO,SANTA SYLVINA,56
2026-03-31,CÓRDOBA,ABBURRA,140
2026-03-31,CÓRDOBA,LOS SURGENTES,270
2026-03-31,CÓRDOBA,MATORRALES,150
2026-03-31,CÓRDOBA,TRANSITO,90
2026-03-31,CÓRDOBA,VILLA DEL ROSARIO,90
2026-03-31,ENTRE RÍOS,CRESPO,90
2026-03-31,SANTA FE,CHAPUY,360
2026-03-31,SANTA FE,DIAZ,120
2026-03-31,SANTA FE,LUIS PALACIOS,360
2026-03-31,SANTA FE,PUEBLO RAMONA,90
2026-03-31,SANTA FE,PUERTO GRAL SAN MARTIN,590
2026-03-31,SANTA FE,SAN GUILLERMO (DPTO.,210
2026-03-31,SANTA FE,SAN JUSTO,210
2026-03-31,SANTIAGO DEL ESTERO,LOS JURIES,97
2026-03-31,SANTIAGO DEL ESTERO,QUIMILI,30
2026-04-01,CHACO,AVIA TERAI,90
2026-04-01,CHACO,CORZUELA,120
2026-04-01,CHACO,GENERAL PINEDO,186
2026-04-01,CHACO,LAS BREÑAS,210
2026-04-01,CHACO,LOS FRENTONES,9
2026-04-01,CHACO,NAPENAY,25
2026-04-01,CHACO,RIO MUERTO,163
2026-04-01,CÓRDOBA,ACHIRAS (DPTO. RIO C,300
2026-04-01,SANTA FE,DIAZ,35
2026-04-01,SANTA FE,ESMERALDA,200
2026-04-01,SANTA FE,GALVEZ,90
2026-04-01,SANTA FE,GOBERNADOR CRESPO,430
2026-04-01,SANTA FE,LA SARITA,6
2026-04-01,SANTA FE,ROSARIO,48
2026-04-01,SANTA FE,SAN JUSTO,78
2026-04-01,SANTA FE,VILLA TRINIDAD,400
2026-04-01,SANTIAGO DEL ESTERO,LOS JURIES,30
2026-04-06,BUENOS AIRES,JUNIN,150
2026-04-06,BUENOS AIRES,PERGAMINO,120
2026-04-06,CHACO,COLONIA ABATE,50
2026-04-06,CHACO,GANCEDO,3310
2026-04-06,CHACO,GENERAL PINEDO,97
2026-04-06,CHACO,ITIN,8
2026-04-06,CHACO,LOS FRENTONES,855
2026-04-06,CHACO,MESON DE FIERRO,68
2026-04-06,CHACO,PAMPA DEL INFIERNO,23
2026-04-06,CHACO,PRESIDENCIA ROQUE SAENZ PEÑA,90
2026-04-06,CHACO,TRES ISLETAS,60
2026-04-06,CHACO,VILLA ANGELA,34
2026-04-06,CÓRDOBA,ABBURRA,300
2026-04-06,CÓRDOBA,COLONIA ARROYO DE AL,270
2026-04-06,CÓRDOBA,JESUS MARIA,180
2026-04-06,CÓRDOBA,RIO TERCERO,700
2026-04-06,ENTRE RÍOS,LA PAZ,60
2026-04-06,SANTA FE,CALCHAQUI,180
2026-04-06,SANTA FE,CHAPUY,30
2026-04-06,SANTA FE,CRISTOLIA,60
2026-04-06,SANTA FE,EL NOCHERO,50
2026-04-06,SANTA FE,LOGROÑO,150
2026-04-06,SANTA FE,VILLA TRINIDAD,520
2026-04-06,SANTIAGO DEL ESTERO,GUARDIA ESCOLTA,14
2026-04-06,SANTIAGO DEL ESTERO,LOS JURIES,120
2026-04-07,BUENOS AIRES,ROJAS,500
2026-04-07,CHACO,CHARATA,160
2026-04-07,CHACO,CONCEPCION DEL BERME,104
2026-04-07,CHACO,GENERAL PINEDO,58
2026-04-07,CHACO,LOS FRENTONES,500
2026-04-07,CHACO,PAMPA DEL INFIERNO,560
2026-04-07,CHACO,QUITILIPI,28
2026-04-07,CHACO,VILLA ANGELA,130
2026-04-07,SALTA,EL TUNAL (DPTO. META,500
2026-04-07,SANTA FE,CALCHAQUI,210
2026-04-07,SANTA FE,CHAPUY,27
2026-04-07,SANTA FE,GALVEZ,290
2026-04-07,SANTA FE,GENERAL LAGOS,210
2026-04-07,SANTA FE,GOBERNADOR CRESPO,497
2026-04-07,SANTA FE,POZO BORRADO,58
2026-04-07,SANTA FE,PUERTO GRAL SAN MARTIN,3646
2026-04-07,SANTA FE,ROSARIO,200
2026-04-07,SANTA FE,SAN JUSTO,120
2026-04-07,SANTA FE,SANTA FE,120
2026-04-07,SANTA FE,VILLA CAÑAS,1000
2026-04-07,SANTIAGO DEL ESTERO,LA PALOMA (EMBARCADE,400
2026-04-07,SANTIAGO DEL ESTERO,LOS JURIES,144
2026-04-08,CHACO,CHARATA,205
2026-04-08,CHACO,LOS FRENTONES,1161
2026-04-08,CHACO,TRES ISLETAS,30
2026-04-08,CÓRDOBA,NOETINGER,700
2026-04-08,ENTRE RÍOS,VICTORIA,500
2026-04-08,SALTA,ANTA,500
2026-04-08,SANTA FE,AREQUITO,60
2026-04-08,SANTA FE,CHAPUY,1000
2026-04-08,SANTA FE,GOBERNADOR CRESPO,120
2026-04-08,SANTA FE,LUIS PALACIOS,100
2026-04-08,SANTA FE,MARIA JUANA,5000
2026-04-08,SANTA FE,MARIA LUISA,1000
2026-04-08,SANTA FE,PILAR,229
2026-04-08,SANTA FE,POZO BORRADO,25
2026-04-08,SANTA FE,SAN JUSTO,622
2026-04-08,SANTA FE,SANTA FE,30
2026-04-08,SANTA FE,SARGENTO CABRAL,90
2026-04-08,SANTIAGO DEL ESTERO,QUIMILI,146
2026-04-09,CHACO,CHARATA,480
2026-04-09,CHACO,GENERAL PINEDO,9
2026-04-09,CHACO,MACHAGAI,60
2026-04-09,LA PAMPA,QUEMU-QUEMU,120
2026-04-09,SANTA FE,CHAPUY,150
2026-04-09,SANTA FE,GOBERNADOR CRESPO,150
2026-04-09,SANTA FE,MARIA SUSANA,90
2026-04-09,SANTA FE,PAZ,400
2026-04-09,SANTIAGO DEL ESTERO,TINTINA,90
2026-04-10,CHACO,GENERAL PINEDO,200
2026-04-10,CHACO,ITIN,57
2026-04-10,CHACO,LOS FRENTONES,241
2026-04-10,CÓRDOBA,MARCOS JUAREZ,600
2026-04-10,CÓRDOBA,MONTE CRISTO,60
2026-04-10,CÓRDOBA,TRANSITO,30
2026-04-10,ENTRE RÍOS,VILLAGUAY,60
2026-04-10,SANTA FE,ARROYO SECO,200
2026-04-10,SANTA FE,GOBERNADOR CRESPO,120
2026-04-10,SANTA FE,MARIA LUISA,2000
2026-04-10,SANTA FE,PUERTO GRAL SAN MARTIN,44
2026-04-10,SANTA FE,SAN JUSTO,470
2026-04-10,SANTIAGO DEL ESTERO,BOBADAL,180
2026-04-10,SANTIAGO DEL ESTERO,LOS JURIES,129
2026-04-11,ENTRE RÍOS,CONCORDIA,90
2026-04-13,BUENOS AIRES,RAFAEL OBLIGADO,15
2026-04-13,CHACO,GANCEDO,80
2026-04-13,CHACO,GENERAL PINEDO,5
2026-04-13,CHACO,PAMPA DEL INFIERNO,1333
2026-04-13,CHACO,TRES ISLETAS,10
2026-04-13,CIUDAD AUTÓNOMA DE BUENOS AIRES,CAPITAL FEDERAL,2000
2026-04-13,ENTRE RÍOS,VILLAGUAY,60
2026-04-13,SALTA,ANTA,500
2026-04-13,SALTA,JOAQUIN V. GONZALEZ,100
2026-04-13,SANTA FE,CALCHAQUI,200
2026-04-13,SANTA FE,COLONIA CRESPO,20
2026-04-13,SANTA FE,GENERAL LAGOS,210
2026-04-13,SANTA FE,GODOY,60
2026-04-13,SANTA FE,POZO BORRADO,5
2026-04-13,SANTA FE,SAN JUSTO,20
2026-04-13,SANTA FE,SAN LORENZO,1500
2026-04-13,SANTA FE,SANTA FE,30
2026-04-13,SANTA FE,SARGENTO CABRAL,60
2026-04-13,SANTIAGO DEL ESTERO,BOBADAL,120
2026-04-13,SANTIAGO DEL ESTERO,QUIMILI,164
2026-04-14,BUENOS AIRES,LINCOLN,120
2026-04-14,CHACO,CHARATA,200
2026-04-14,CHACO,LAS BREÑAS,70
2026-04-14,CHACO,PRESIDENCIA ROQUE SAENZ PEÑA,150
2026-04-14,CÓRDOBA,MONTE RALO,30
2026-04-14,CÓRDOBA,VIAMONTE,180
2026-04-14,SANTA FE,PILAR,400
2026-04-14,SANTA FE,SANTO DOMINGO,90
2026-04-14,SANTA FE,SARGENTO CABRAL,90
2026-04-14,SANTIAGO DEL ESTERO,BOBADAL,150
2026-04-15,CHACO,AVIA TERAI,600
2026-04-15,CHACO,COLONIA NECOCHEA SUD,6
2026-04-15,CHACO,GENERAL PINEDO,253
2026-04-15,CHACO,HERMOSO CAMPO,200
2026-04-15,CHACO,LOS FRENTONES,253
2026-04-15,CHACO,PRESIDENCIA ROQUE SAENZ PEÑA,704
2026-04-15,CHACO,SAN BERNARDO,296
2026-04-15,CIUDAD AUTÓNOMA DE BUENOS AIRES,CAPITAL FEDERAL,90
2026-04-15,CÓRDOBA,HERNANDO,30
2026-04-15,SANTA FE,CAFFERATA,190
2026-04-15,SANTA FE,GOBERNADOR CRESPO,150
2026-04-15,SANTA FE,LAS ROSAS,120
2026-04-15,SANTA FE,MARGARITA,30
2026-04-15,SANTA FE,SAN MARCOS DE VENADO,200
2026-04-16,CHACO,CHARATA,560
2026-04-16,CHACO,HERMOSO CAMPO,115
2026-04-16,CHACO,QUITILIPI,23
2026-04-16,CIUDAD AUTÓNOMA DE BUENOS AIRES,CAPITAL FEDERAL,47
2026-04-16,SANTA FE,GOBERNADOR CRESPO,152
2026-04-16,SANTA FE,PUERTO GRAL SAN MARTIN,90
2026-04-17,CHACO,GANCEDO,57
2026-04-17,CHACO,GENERAL PINEDO,500
2026-04-17,CHACO,PAMPA DEL INFIERNO,44
2026-04-17,CÓRDOBA,VILLA DEL TOTORAL,90
2026-04-17,ENTRE RÍOS,HERNANDARIAS,6
2026-04-17,SANTA FE,LAS ROSAS,90
2026-04-17,SANTA FE,LUIS PALACIOS,35
2026-04-17,SANTA FE,MARIA JUANA,200
2026-04-17,SANTA FE,SANTA FE,110
2026-04-17,SANTIAGO DEL ESTERO,BOBADAL,150
2026-04-18,CHACO,AVIA TERAI,600
2026-04-20,BUENOS AIRES,ROJAS,60
2026-04-20,BUENOS AIRES,SALTO,30
2026-04-20,CHACO,CHARATA,120
2026-04-20,CHACO,SAN BERNARDO,29
2026-04-20,CHACO,VILLA ANGELA,26
2026-04-20,ENTRE RÍOS,VICTORIA,500
2026-04-20,SANTA FE,GALVEZ,100
2026-04-20,SANTA FE,GOBERNADOR CRESPO,54
2026-04-20,SANTA FE,MARGARITA,30
2026-04-20,SANTA FE,POZO BORRADO,9
2026-04-20,SANTA FE,SAN GUILLERMO (DPTO.,150
2026-04-20,SANTIAGO DEL ESTERO,BOBADAL,150
2026-04-21,BUENOS AIRES,GENERAL ROJO,420
2026-04-21,CHACO,CHARATA,50
2026-04-21,CHACO,ITIN,75
2026-04-21,CHACO,LA MATANZA,31
2026-04-21,CÓRDOBA,JUSTINIANO POSSE,30
2026-04-21,CÓRDOBA,RIO CUARTO,30
2026-04-21,ENTRE RÍOS,LA PAZ,45
2026-04-21,ENTRE RÍOS,NOGOYA,240
2026-04-21,ENTRE RÍOS,VIALE,1000
2026-04-21,SANTA FE,LUIS PALACIOS,60
2026-04-21,SANTA FE,PILAR,90
2026-04-21,SANTA FE,ROSARIO,2000
2026-04-21,SANTA FE,SANTO DOMINGO,55
2026-04-22,CÓRDOBA,JUSTINIANO POSSE,60
2026-04-22,CÓRDOBA,PORTEÑA,120
2026-04-22,CÓRDOBA,SINSACATE,30
2026-04-22,ENTRE RÍOS,BASAVILBASO,150
2026-04-22,ENTRE RÍOS,PARANA,700
2026-04-22,SANTA FE,LOGROÑO,125
2026-04-22,SANTA FE,ROSARIO,1580
2026-04-22,TUCUMÁN,TACO RALO,100
2026-04-23,BUENOS AIRES,CHACABUCO,150
2026-04-23,CHACO,COLONIA ABATE,20
2026-04-23,CHACO,PAMPA DEL INFIERNO,95
2026-04-23,CHACO,VILLA ANGELA,89
2026-04-23,CÓRDOBA,PORTEÑA,100
2026-04-23,CÓRDOBA,RIO SEGUNDO,120
2026-04-23,ENTRE RÍOS,BASAVILBASO,400
2026-04-23,ENTRE RÍOS,HERNANDARIAS,30
2026-04-23,ENTRE RÍOS,LA PAZ,90
2026-04-23,SALTA,ANTA,500
2026-04-23,SANTA FE,ESMERALDA,60
2026-04-23,SANTA FE,IRIGOYEN,80
2026-04-23,SANTA FE,LAS ROSAS,30
2026-04-23,SANTA FE,MARIA LUISA,1000
2026-04-23,SANTA FE,MARIA TERESA,48
2026-04-23,SANTA FE,MOUSSY,8
2026-04-23,SANTA FE,PILAR,90
2026-04-23,SANTA FE,SANTA FE,215
2026-04-23,SANTIAGO DEL ESTERO,FRIAS,300
2026-04-23,SANTIAGO DEL ESTERO,POZO HONDO,2000
2026-04-23,SANTIAGO DEL ESTERO,QUIMILI,29
2026-04-24,BUENOS AIRES,MARIANO H. ALFONZO,150
2026-04-24,CHACO,COLONIA ABATE,15
2026-04-24,CHACO,HERMOSO CAMPO,4
2026-04-24,CHACO,PRESIDENCIA ROQUE SAENZ PEÑA,120
2026-04-24,CHACO,SAN BERNARDO,57
2026-04-24,CÓRDOBA,PORTEÑA,30
2026-04-24,CÓRDOBA,SINSACATE,30
2026-04-24,ENTRE RÍOS,RAICES ESTE,13
2026-04-24,SANTA FE,BARRANCAS,30
2026-04-24,SANTA FE,LAS ROSAS,120
2026-04-24,SANTA FE,LUIS PALACIOS,90
2026-04-24,SANTA FE,MALABRIGO,60
2026-04-24,SANTA FE,ROSARIO,600
2026-04-24,SANTA FE,VILLA TRINIDAD,100
2026-04-27,CHACO,PRESIDENCIA ROQUE SAENZ PEÑA,64
2026-04-27,CÓRDOBA,CANDELARIA SUD,60
2026-04-27,CÓRDOBA,JUAREZ CELMAN,360
2026-04-27,CÓRDOBA,MARCOS JUAREZ,380
2026-04-27,ENTRE RÍOS,CRESPO,120
2026-04-27,ENTRE RÍOS,GUALEGUAY,1000
2026-04-27,ENTRE RÍOS,SAN SALVADOR,60
2026-04-27,SANTA FE,BERNARDO DE IRIGOYEN,30
2026-04-27,SANTA FE,CHAPUY,596
2026-04-27,SANTA FE,LUIS PALACIOS,120
2026-04-27,SANTA FE,MARGARITA,180
2026-04-27,SANTA FE,PAZ,1210
2026-04-27,SANTA FE,SAN JUSTO,150
2026-04-27,SANTA FE,VENADO TUERTO,90
2026-04-27,SANTA FE,VILLA TRINIDAD,6
2026-04-27,SANTIAGO DEL ESTERO,BOBADAL,90
2026-04-27,SANTIAGO DEL ESTERO,QUIMILI,50
2026-04-28,CHACO,GANCEDO,247
2026-04-28,CHACO,LOS FRENTONES,157
2026-04-28,CHACO,TRES ISLETAS,15
2026-04-28,CÓRDOBA,LAS ARRIAS,60
2026-04-28,CÓRDOBA,MONTE MAIZ,60
2026-04-28,CÓRDOBA,MORTEROS,60
2026-04-28,CÓRDOBA,PILAR,180
2026-04-28,SANTA FE,CARMEN DEL SAUCE,30
2026-04-28,SANTA FE,CHAPUY,300
2026-04-28,SANTA FE,IRIGOYEN,60
2026-04-28,SANTA FE,LUIS PALACIOS,560
2026-04-28,SANTA FE,RAFAELA,30
2026-04-28,SANTA FE,ROMANG,180
2026-04-28,SANTA FE,SAN JUSTO,30
2026-04-28,SANTA FE,SAN MARTIN DE LAS ES,40
2026-04-28,SANTA FE,SANTA FE,200
2026-04-29,BUENOS AIRES,AMEGHINO,60
2026-04-29,CHACO,CAMPO LARGO,76
2026-04-29,CHACO,COLONIA ABATE,3
2026-04-29,CHACO,PAMPA DEL INFIERNO,800
2026-04-29,CHACO,PRESIDENCIA ROQUE SAENZ PEÑA,11
2026-04-29,CHACO,VILLA ANGELA,12
2026-04-29,CIUDAD AUTÓNOMA DE BUENOS AIRES,CAPITAL FEDERAL,51
2026-04-29,CÓRDOBA,CANDELARIA SUD,35
2026-04-29,ENTRE RÍOS,NOGOYA,30
2026-04-29,ENTRE RÍOS,URDINARRAIN,10
2026-04-29,SANTA FE,CHAPUY,166
2026-04-29,SANTA FE,LAS ROSAS,120
2026-04-29,SANTA FE,SAN GUILLERMO (DPTO.,331
2026-04-29,SANTIAGO DEL ESTERO,TINTINA,1000
2026-04-30,BUENOS AIRES,ROJAS,300
2026-04-30,CHACO,GENERAL PINEDO,135
2026-04-30,CHACO,PRESIDENCIA ROQUE SAENZ PEÑA,30
2026-04-30,CÓRDOBA,COLONIA BEIRO,240
2026-04-30,CÓRDOBA,FREYRE,120
2026-04-30,CÓRDOBA,JESUS MARIA,600
2026-04-30,CÓRDOBA,SINSACATE,120
2026-04-30,ENTRE RÍOS,LA PAZ,30
2026-04-30,ENTRE RÍOS,SOLA,30
2026-04-30,ENTRE RÍOS,VICTORIA,150
2026-04-30,SANTA FE,CASILDA,90
2026-04-30,SANTA FE,CURUPAITY,250
2026-04-30,SANTA FE,LUIS PALACIOS,60
2026-04-30,SANTA FE,PUERTO GRAL SAN MARTIN,300
2026-04-30,SANTA FE,ROSARIO,290
2026-04-30,SANTA FE,SAN VICENTE (DPTO. C,150
2026-04-30,SANTA FE,VILLA CONSTITUCION,60
2026-04-30,SANTIAGO DEL ESTERO,QUIMILI,285
2026-05-04,BUENOS AIRES,GENERAL ROJO,60
2026-05-04,CHACO,AVIA TERAI,240
2026-05-04,CHACO,PAMPA DEL INFIERNO,137
2026-05-04,CHACO,PRESIDENCIA ROQUE SAENZ PEÑA,9
2026-05-04,CÓRDOBA,ADELIA MARIA,150
2026-05-04,CÓRDOBA,CANDELARIA SUD,90
2026-05-04,CÓRDOBA,FREYRE,120
2026-05-04,CÓRDOBA,JUSTINIANO POSSE,60
2026-05-04,CÓRDOBA,PILAR,180
2026-05-04,CÓRDOBA,VILLA DEL TOTORAL,300
2026-05-04,ENTRE RÍOS,CRESPO,150
2026-05-04,ENTRE RÍOS,NOGOYA,8
2026-05-04,SANTA FE,ALBARELLOS,60
2026-05-04,SANTA FE,BOMBAL,180
2026-05-04,SANTA FE,CARMEN DEL SAUCE,120
2026-05-04,SANTA FE,IRIGOYEN,30
2026-05-04,SANTA FE,LUIS PALACIOS,120
2026-05-04,SANTA FE,MONJE,300
2026-05-04,SANTA FE,PAZ,150
2026-05-04,SANTA FE,SAN GUILLERMO (DPTO.,150
2026-05-04,SANTA FE,VILLA CAÑAS,150
2026-05-04,SANTIAGO DEL ESTERO,BANDERA,35
2026-05-04,SANTIAGO DEL ESTERO,CUATRO BOCAS,180
2026-05-05,BUENOS AIRES,MARIANO H. ALFONZO,30
2026-05-05,BUENOS AIRES,SALTO,210
2026-05-05,CHACO,CHARATA,17
2026-05-05,CHACO,COLONIA ABATE,15
2026-05-05,CHACO,GANCEDO,60
2026-05-05,CHACO,LOS FRENTONES,300
2026-05-05,CÓRDOBA,CANDELARIA (TOTORAL),200
2026-05-05,CÓRDOBA,CANDELARIA SUD,30
2026-05-05,CÓRDOBA,CARRILOBO,270
2026-05-05,CÓRDOBA,LAS HERAS,240
2026-05-05,ENTRE RÍOS,VICTORIA,30
2026-05-05,SANTA FE,CHAPUY,95
2026-05-05,SANTA FE,GALVEZ,30
2026-05-05,SANTA FE,GOBERNADOR CRESPO,240
2026-05-05,SANTA FE,IRIGOYEN,35
2026-05-05,SANTA FE,LAS ROSAS,36
2026-05-05,SANTA FE,LUIS PALACIOS,400
2026-05-05,SANTA FE,PAZ,30
2026-05-05,SANTA FE,PILAR,60
2026-05-05,SANTA FE,ROSARIO,1200
2026-05-05,SANTA FE,SAN JUSTO,150
2026-05-05,SANTIAGO DEL ESTERO,QUIMILI,150
2026-05-06,CHACO,COLONIA ELISA,61
2026-05-06,CHACO,PAMPA DEL INFIERNO,103
2026-05-06,CHACO,SAN BERNARDO,52
2026-05-06,CÓRDOBA,SAN FRANCISCO (DPTO.,60
2026-05-06,LA PAMPA,CATRILO,200
2026-05-06,SALTA,HORCONES,480
2026-05-06,SANTA FE,BERNARDO DE IRIGOYEN,30
2026-05-06,SANTA FE,CHAPUY,150
2026-05-06,SANTA FE,GALVEZ,90
2026-05-06,SANTA FE,LOPEZ,780
2026-05-06,SANTA FE,LUIS PALACIOS,460
2026-05-06,SANTA FE,ROSARIO,177
2026-05-06,SANTA FE,SAN GUILLERMO (DPTO.,420
2026-05-06,SANTA FE,SAN JUSTO,800
2026-05-06,SANTA FE,SUNCHALES,90
2026-05-06,SANTA FE,VILLA CONSTITUCION,30
2026-05-07,BUENOS AIRES,AMEGHINO,28
2026-05-07,BUENOS AIRES,BRAGADO,30
2026-05-07,BUENOS AIRES,ROJAS,917
2026-05-07,CHACO,COLONIA BERNARDINO R,300
2026-05-07,CHACO,COLONIA ELISA,107
2026-05-07,CHACO,HERMOSO CAMPO,28
2026-05-07,CHACO,SAN BERNARDO,1752
2026-05-07,CHACO,VILLA ANGELA,40
2026-05-07,ENTRE RÍOS,VICTORIA,20
2026-05-07,LA PAMPA,CATRILO,30
2026-05-07,SAN LUIS,LA TOMA,90
2026-05-07,SANTA FE,COLONIA MONTEFIORE,36
2026-05-07,SANTA FE,DIAZ,120
2026-05-07,SANTA FE,LAS ROSAS,7
2026-05-07,SANTA FE,MARIA JUANA,30
2026-05-07,SANTA FE,PAZ,30
2026-05-07,SANTA FE,ROSARIO,100
2026-05-07,SANTA FE,RUFINO,200
2026-05-07,SANTA FE,SAN GUILLERMO (DPTO.,210
2026-05-07,SANTA FE,SAN JUSTO,150
2026-05-07,SANTA FE,SAN LORENZO,60
2026-05-07,SANTA FE,SAN MARTIN DE LAS ES,18
2026-05-07,SANTA FE,SUNCHALES,120
2026-05-07,SANTA FE,TOSTADO,49
2026-05-07,SANTA FE,VILLA CONSTITUCION,90
2026-05-07,SANTIAGO DEL ESTERO,CUATRO BOCAS,100
2026-05-07,SANTIAGO DEL ESTERO,OTUMPA,700
2026-05-08,BUENOS AIRES,CARLOS CASARES,180
2026-05-08,BUENOS AIRES,GENERAL LAS HERAS,30
2026-05-08,CHACO,CORZUELA,27
2026-05-08,CHACO,ITIN,10
2026-05-08,ENTRE RÍOS,CRESPO,70
2026-05-08,ENTRE RÍOS,VIALE,500
2026-05-08,SANTA FE,CHAPUY,300
2026-05-08,SANTA FE,IRIGOYEN,60
2026-05-08,SANTA FE,LOS MOLINOS,60
2026-05-08,SANTA FE,MARIA JUANA,90
2026-05-08,SANTA FE,PAZ,30
2026-05-08,SANTA FE,POZO BORRADO,28
2026-05-08,SANTA FE,PUERTO GRAL SAN MARTIN,210
2026-05-08,SANTA FE,SAN VICENTE (DPTO. C,30
2026-05-08,SANTA FE,SANTA FE,200
2026-05-08,SANTIAGO DEL ESTERO,CUATRO BOCAS,83
2026-05-11,BUENOS AIRES,COLON,60
2026-05-11,CÓRDOBA,BARRIO FLORENTINO AM,53
2026-05-11,CÓRDOBA,CAÑADA DE LUQUE,151
2026-05-11,CÓRDOBA,CORONEL MOLDES,68
2026-05-11,CÓRDOBA,GENERAL DEHEZA,30
2026-05-11,CÓRDOBA,PORTEÑA,60
2026-05-11,CÓRDOBA,VILLA ASCASUBI,90
2026-05-11,ENTRE RÍOS,LA PAZ,60
2026-05-11,SANTA FE,BERNARDO DE IRIGOYEN,30
2026-05-11,SANTA FE,CAÑADA ROSQUIN,30
2026-05-11,SANTA FE,CHABAS,60
2026-05-11,SANTA FE,CHAPUY,260
2026-05-11,SANTA FE,DIAZ,300
2026-05-11,SANTA FE,IRIGOYEN,35
2026-05-11,SANTA FE,RUFINO,120
2026-05-11,SANTA FE,SAN JUSTO,500
2026-05-11,SANTA FE,SAN MARCOS DE VENADO,30
2026-05-11,SANTA FE,TOSTADO,6
2026-05-11,SANTA FE,VILLA MUGUETA,4
2026-05-11,SANTIAGO DEL ESTERO,OTUMPA,16
2026-05-12,BUENOS AIRES,ARRECIFES,145
2026-05-12,BUENOS AIRES,LIMA,240
2026-05-12,CHACO,COLONIA JUAN JOSE PA,10
2026-05-12,CHACO,CORONEL DU GRATY,35
2026-05-12,CHACO,GANCEDO,150
2026-05-12,CHACO,LA CLOTILDE,13
2026-05-12,CHACO,RIO MUERTO,206
2026-05-12,CHACO,SAN BERNARDO,105
2026-05-12,CÓRDOBA,COLONIA SILVIO PELLI,120
2026-05-12,CÓRDOBA,CORDOBA,150
2026-05-12,CÓRDOBA,JUSTINIANO POSSE,90
2026-05-12,CÓRDOBA,OLIVA,60
2026-05-12,CÓRDOBA,VILLA MARIA (JESUS M,90
2026-05-12,LA PAMPA,QUEMU-QUEMU,30
2026-05-12,SANTA FE,BARRANCAS,30
2026-05-12,SANTA FE,CALCHAQUI,385
2026-05-12,SANTA FE,ELORTONDO,90
2026-05-12,SANTA FE,IRIGOYEN,30
2026-05-12,SANTA FE,PAZ,30
2026-05-12,SANTA FE,PUERTO GRAL SAN MARTIN,150
2026-05-12,SANTA FE,SAN MARCOS DE VENADO,150
2026-05-12,SANTA FE,SUNCHALES,120
2026-05-13,CHACO,COLONIA JUAN JOSE PA,278
2026-05-13,CÓRDOBA,COSTA SACATE,20
2026-05-13,CÓRDOBA,FREYRE,180
2026-05-13,CÓRDOBA,GUATIMOZIN,180
2026-05-13,CÓRDOBA,MONTE MAIZ,90
2026-05-13,CÓRDOBA,PORTEÑA,120
2026-05-13,CÓRDOBA,SAN FRANCISCO (DPTO.,300
2026-05-13,CÓRDOBA,VILLA DEL TOTORAL,250
2026-05-13,CÓRDOBA,WENCESLAO ESCALANTE,120
2026-05-13,ENTRE RÍOS,LUCAS GONZALEZ,60
2026-05-13,SANTA FE,CHAPUY,90
2026-05-13,SANTA FE,COLONIA MONTEFIORE,36
2026-05-13,SANTA FE,GOBERNADOR CRESPO,215
2026-05-13,SANTA FE,IRIGOYEN,30
2026-05-13,SANTA FE,PAZ,30
2026-05-13,SANTA FE,PUERTO GRAL SAN MARTIN,210
2026-05-13,SANTA FE,ROSARIO,500
2026-05-13,SANTA FE,SAN GUILLERMO (DPTO.,14
2026-05-13,SANTA FE,SAN VICENTE (DPTO. C,30
2026-05-13,SANTA FE,SANTA FE,210
2026-05-13,SANTIAGO DEL ESTERO,QUIMILI,68
2026-05-14,CÓRDOBA,COLONIA SILVIO PELLI,150
2026-05-14,CÓRDOBA,PAUNERO,30
2026-05-14,SANTA FE,CHAPUY,60
2026-05-14,SANTA FE,FIGHIERA,315
2026-05-14,SANTA FE,FUNES,21
2026-05-14,SANTA FE,IRIGOYEN,60
2026-05-14,SANTA FE,PILAR,200
2026-05-14,SANTA FE,POZO BORRADO,6
2026-05-14,SANTA FE,VILLA TRINIDAD,300
2026-05-14,SANTIAGO DEL ESTERO,BANDERA,25
2026-05-14,SANTIAGO DEL ESTERO,QUIMILI,800
2026-05-15,BUENOS AIRES,ARRECIFES,30
2026-05-15,BUENOS AIRES,LA ANGELITA,150
2026-05-15,CHACO,CAMPO LARGO,100
2026-05-15,CHACO,LOS FRENTONES,30
2026-05-15,CÓRDOBA,ADELIA MARIA,180
2026-05-15,CÓRDOBA,HERNANDO,120
2026-05-15,CÓRDOBA,MONTE MAIZ,90
2026-05-15,CÓRDOBA,OLIVA,60
2026-05-15,CÓRDOBA,VILLA ASCASUBI,55
2026-05-15,CÓRDOBA,WENCESLAO ESCALANTE,180
2026-05-15,ENTRE RÍOS,LA PAZ,1000
2026-05-15,ENTRE RÍOS,SEGUI,30
2026-05-15,ENTRE RÍOS,VIALE,492
2026-05-15,SANTA FE,CHABAS,30
2026-05-15,SANTA FE,CHAPUY,300
2026-05-15,SANTA FE,COLONIA BELGRANO,330
2026-05-15,SANTA FE,DIAZ,70
2026-05-15,SANTA FE,ELORTONDO,30
2026-05-15,SANTA FE,IRIGOYEN,170
2026-05-15,SANTA FE,LAS ROSAS,60
2026-05-15,SANTA FE,LOPEZ,240
2026-05-15,SANTA FE,RUFINO,270
2026-05-15,SANTA FE,SAN GUILLERMO (DPTO.,180
2026-05-15,SANTA FE,SAN JUSTO,150
2026-05-15,SANTA FE,SANTA FE,30
2026-05-15,SANTA FE,VENADO TUERTO,540
2026-05-15,SANTA FE,VILLA CAÑAS,180
2026-05-15,SANTIAGO DEL ESTERO,QUIMILI,130
2026-05-15,TUCUMÁN,VICLOS,100
2026-05-16,SANTA FE,GOBERNADOR CRESPO,105
2026-05-18,SANTA FE,CAÑADA ROSQUIN,210
2026-05-18,SANTA FE,LAS ROSAS,120
